time,MACD,MACD_Hist,MACD_Signal
22/05/2020,372.844,0.7539,365.305
21/05/2020,369.400,0.598,363.420
20/05/2020,367.391,0.5465,361.925
19/05/2020,355.490,-0.5069,360.559
18/05/2020,368.975,0.7149,361.826
15/05/2020,370.169,10.130,360.039
14/05/2020,377.254,19.748,357.506
13/05/2020,398.181,45.611,352.569
12/05/2020,426.022,84.856,341.167
11/05/2020,428.471,108.519,319.953
08/05/2020,397.344,104.521,292.823
07/05/2020,366.996,100.304,266.693
06/05/2020,339.021,97.404,241.617
05/05/2020,324.101,106.836,217.266
04/05/2020,296.466,105.909,190.557
01/05/2020,281.632,117.552,164.080
30/04/2020,264.905,130.213,134.692
29/04/2020,211.142,109.004,102.138
28/04/2020,146.761,71.874,74.887
27/04/2020,172.222,115.303,56.919
24/04/2020,159.238,131.145,28.093
23/04/2020,136.856,141.549,-0.4693
22/04/2020,109.353,149.433,-40.080
21/04/2020,85.996,163.435,-77.439
20/04/2020,102.656,220.954,-118.297
17/04/2020,71.243,244.779,-173.536
16/04/2020,13.170,247.901,-234.731
15/04/2020,-41.004,255.702,-296.706
14/04/2020,-108.536,252.095,-360.631
13/04/2020,-200.035,223.620,-423.655
09/04/2020,-261.302,218.258,-479.560
08/04/2020,-329.480,204.645,-534.124
07/04/2020,-410.515,174.770,-585.285
06/04/2020,-483.772,145.206,-628.978
03/04/2020,-570.656,94.623,-665.280
02/04/2020,-582.592,106.343,-688.935
01/04/2020,-612.730,102.791,-715.521
31/03/2020,-626.788,114.431,-741.219
30/03/2020,-693.844,75.983,-769.827
27/03/2020,-753.058,35.765,-788.823
26/03/2020,-780.917,16.847,-797.764
25/03/2020,-857.085,-55.109,-801.976
24/03/2020,-881.499,-93.300,-788.198
23/03/2020,-932.389,-167.515,-764.873
20/03/2020,-904.525,-181.531,-722.994
19/03/2020,-871.791,-194.179,-677.611
18/03/2020,-861.080,-232.013,-629.067
17/03/2020,-816.058,-244.995,-571.063
16/03/2020,-770.142,-260.328,-509.815
13/03/2020,-664.220,-219.487,-444.733
12/03/2020,-657.225,-267.364,-389.861
11/03/2020,-532.011,-208.991,-323.020
10/03/2020,-466.781,-196.009,-270.772
09/03/2020,-442.897,-221.127,-221.770
06/03/2020,-339.961,-173.473,-166.488
05/03/2020,-287.988,-164.869,-123.120
04/03/2020,-238.469,-156.566,-81.903
03/03/2020,-240.502,-197.741,-42.761
02/03/2020,-193.648,-200.322,0.6674
28/02/2020,-179.617,-236.372,56.755
27/02/2020,-108.410,-224.258,115.848
26/02/2020,0.5678,-166.234,171.912
25/02/2020,74.759,-138.711,213.470
24/02/2020,166.660,-81.488,248.148
21/02/2020,247.792,-20.728,268.520
20/02/2020,283.067,0.9365,273.702
19/02/2020,290.333,18.972,271.361
18/02/2020,286.689,20.071,266.618
14/02/2020,285.015,23.414,261.600
13/02/2020,277.643,21.896,255.747
12/02/2020,270.386,20.113,250.273
11/02/2020,253.514,0.827,245.244
10/02/2020,237.946,-0.5231,243.177
07/02/2020,214.725,-29.760,244.485
06/02/2020,211.949,-39.975,251.924
05/02/2020,208.378,-53.541,261.918
04/02/2020,229.298,-46.006,275.303
03/02/2020,253.845,-32.960,286.805
31/01/2020,241.907,-53.138,295.045
30/01/2020,275.802,-32.528,308.329
29/01/2020,293.049,-23.412,316.461
28/01/2020,307.959,-14.355,322.314
27/01/2020,328.691,0.2788,325.903
24/01/2020,369.371,44.166,325.206
23/01/2020,382.515,68.350,314.164
22/01/2020,373.424,76.347,297.077
21/01/2020,357.102,79.112,277.990
17/01/2020,332.653,74.441,258.212
16/01/2020,300.692,61.090,239.602
15/01/2020,284.735,60.406,224.329
14/01/2020,272.955,63.727,209.228
13/01/2020,262.420,69.123,193.296
10/01/2020,236.654,60.638,176.016
09/01/2020,209.998,49.142,160.856
08/01/2020,183.001,34.431,148.570
07/01/2020,161.674,21.711,139.963
06/01/2020,143.280,0.8745,134.535
03/01/2020,116.833,-15.516,132.349
02/01/2020,115.537,-20.691,136.228
31/12/2019,105.371,-36.029,141.400
30/12/2019,121.764,-28.643,150.407
27/12/2019,141.813,-15.755,157.568
26/12/2019,149.303,-12.204,161.507
24/12/2019,148.028,-16.531,164.558
23/12/2019,161.392,-0.7299,168.691
20/12/2019,170.727,0.0211,170.515
19/12/2019,179.394,0.8931,170.463
18/12/2019,181.280,13.050,168.230
17/12/2019,184.533,19.566,164.967
16/12/2019,183.455,23.379,160.076
13/12/2019,173.250,19.019,154.231
12/12/2019,171.288,21.812,149.476
11/12/2019,163.808,19.786,144.023
10/12/2019,157.224,18.148,139.077
09/12/2019,146.900,12.360,134.540
06/12/2019,132.705,0.1256,131.450
05/12/2019,115.651,-15.485,131.136
04/12/2019,104.919,-30.088,135.007
03/12/2019,97.423,-45.106,142.529
02/12/2019,112.157,-41.649,153.805
29/11/2019,134.789,-29.429,164.218
27/11/2019,146.402,-25.173,171.575
26/11/2019,150.919,-26.950,177.868
25/11/2019,153.918,-30.687,184.606
22/11/2019,162.493,-29.784,192.277
21/11/2019,182.630,-17.093,199.723
20/11/2019,199.557,-0.444,203.997
19/11/2019,216.528,11.421,205.107
18/11/2019,222.404,20.152,202.251
15/11/2019,221.333,24.120,197.213
14/11/2019,202.320,11.137,191.183
13/11/2019,198.946,10.546,188.399
12/11/2019,205.449,19.687,185.762
11/11/2019,209.947,29.106,180.841
08/11/2019,212.237,38.673,173.564
07/11/2019,199.671,35.775,163.896
06/11/2019,183.284,28.332,154.952
05/11/2019,177.073,29.203,147.869
04/11/2019,166.335,25.766,140.569
01/11/2019,150.882,16.755,134.127
31/10/2019,146.914,16.976,129.938
30/10/2019,153.591,27.897,125.694
29/10/2019,158.678,39.958,118.720
28/10/2019,161.508,52.777,108.730
25/10/2019,134.893,39.356,95.536
24/10/2019,124.282,38.585,85.697
23/10/2019,113.147,37.097,76.051
22/10/2019,99.183,32.407,66.777
21/10/2019,96.544,37.869,58.675
18/10/2019,88.360,39.152,49.208
17/10/2019,77.301,37.882,39.420
16/10/2019,54.344,24.395,29.949
15/10/2019,33.853,10.003,23.850
14/10/2019,0.7849,-13.501,21.350
11/10/2019,0.0884,-23.841,24.725
10/10/2019,-0.6299,-36.984,30.685
09/10/2019,-0.8471,-48.402,39.931
08/10/2019,-0.4644,-56.676,52.032
07/10/2019,13.727,-52.474,66.201
04/10/2019,18.088,-61.231,79.319
03/10/2019,22.047,-72.579,94.627
02/10/2019,48.335,-64.436,112.772
01/10/2019,92.589,-36.292,128.881
30/09/2019,118.738,-19.216,137.954
27/09/2019,136.233,-0.6524,142.758
26/09/2019,150.382,0.5993,144.389
25/09/2019,149.658,0.6767,142.890
24/09/2019,141.332,0.0134,141.199
23/09/2019,156.916,15.750,141.165
20/09/2019,158.975,21.747,137.228
19/09/2019,163.466,31.675,131.791
18/09/2019,157.881,34.009,123.872
17/09/2019,154.871,39.501,115.370
16/09/2019,152.095,46.600,105.495
13/09/2019,144.150,50.306,93.844
12/09/2019,123.503,42.235,81.268
11/09/2019,100.760,30.051,70.709
10/09/2019,84.602,21.406,63.197
09/09/2019,77.176,19.331,57.845
06/09/2019,68.194,15.181,53.013
05/09/2019,55.208,0.5991,49.217
04/09/2019,31.263,-16.457,47.719
03/09/2019,30.760,-21.073,51.834
30/08/2019,42.928,-14.174,57.102
29/08/2019,37.766,-22.879,60.645
28/08/2019,25.792,-40.573,66.365
27/08/2019,32.360,-44.148,76.508
26/08/2019,43.511,-44.035,87.545
23/08/2019,56.041,-42.513,98.554
22/08/2019,89.139,-20.043,109.182
21/08/2019,91.152,-23.041,114.193
20/08/2019,90.644,-29.309,119.953
19/08/2019,97.394,-29.887,127.281
16/08/2019,88.545,-46.207,134.752
15/08/2019,97.192,-49.112,146.304
14/08/2019,117.343,-41.239,158.582
13/08/2019,144.380,-24.512,168.892
12/08/2019,143.210,-31.810,175.020
09/08/2019,162.603,-20.369,182.973
08/08/2019,171.449,-16.616,188.065
07/08/2019,163.151,-29.068,192.219
06/08/2019,181.556,-17.930,199.486
05/08/2019,206.521,0.2552,203.969
02/08/2019,253.331,50.000,203.331
01/08/2019,266.966,76.135,190.830
31/07/2019,265.192,93.396,171.797
30/07/2019,251.262,102.814,148.448
29/07/2019,221.213,98.469,122.744
26/07/2019,165.113,66.986,98.127
25/07/2019,79.907,-0.1474,81.381
24/07/2019,90.432,0.8683,81.749
23/07/2019,96.756,17.178,79.578
22/07/2019,94.868,19.584,75.284
19/07/2019,99.367,28.979,70.388
18/07/2019,111.778,48.635,63.143
17/07/2019,109.469,58.485,50.984
16/07/2019,104.909,68.546,36.363
15/07/2019,90.201,70.974,19.227
12/07/2019,73.415,71.932,0.1483
11/07/2019,56.461,72.961,-16.500
10/07/2019,34.703,69.443,-34.740
09/07/2019,10.225,62.326,-52.101
08/07/2019,-0.5231,62.451,-67.682
05/07/2019,-16.250,67.045,-83.295
03/07/2019,-45.594,54.462,-100.056
02/07/2019,-72.192,41.479,-113.672
01/07/2019,-94.574,29.467,-124.041
28/06/2019,-108.224,23.185,-131.408
27/06/2019,-106.721,30.483,-137.204
26/06/2019,-98.263,46.562,-144.825
25/06/2019,-89.896,66.570,-156.466
24/06/2019,-84.579,88.529,-173.108
21/06/2019,-106.262,88.979,-195.240
20/06/2019,-138.867,78.618,-217.485
19/06/2019,-167.814,69.326,-237.139
18/06/2019,-193.064,61.407,-254.471
17/06/2019,-223.777,46.046,-269.823
14/06/2019,-248.421,32.913,-281.334
13/06/2019,-268.982,20.580,-289.563
12/06/2019,-294.796,-0.0089,-294.708
11/06/2019,-311.503,-16.817,-294.686
10/06/2019,-330.016,-39.535,-290.481
07/06/2019,-350.536,-69.938,-280.598
06/06/2019,-357.027,-93.914,-263.113
05/06/2019,-338.024,-98.389,-239.635
04/06/2019,-306.694,-91.657,-215.038
03/06/2019,-273.272,-81.149,-192.123
31/05/2019,-209.513,-37.677,-171.836
30/05/2019,-193.711,-31.294,-162.417
29/05/2019,-185.304,-30.710,-154.593
28/05/2019,-170.362,-23.446,-146.916
24/05/2019,-166.823,-25.769,-141.054
23/05/2019,-159.188,-24.576,-134.612
22/05/2019,-154.561,-26.092,-128.468
21/05/2019,-157.249,-35.304,-121.945
20/05/2019,-156.571,-43.452,-113.119
17/05/2019,-142.453,-40.197,-102.256
16/05/2019,-146.237,-54.030,-92.207
15/05/2019,-165.922,-87.223,-78.700
14/05/2019,-173.596,-116.702,-56.894
13/05/2019,-136.300,-108.582,-27.718
10/05/2019,-98.515,-97.943,-0.0573
09/05/2019,-81.681,-105.594,23.913
08/05/2019,-57.082,-107.394,50.311
07/05/2019,-28.815,-105.975,77.160
06/05/2019,-0.029,-103.944,103.654
03/05/2019,20.555,-109.084,129.639
02/05/2019,50.924,-105.986,156.911
01/05/2019,112.151,-71.257,183.407
30/04/2019,183.097,-18.125,201.221
29/04/2019,250.215,44.463,205.753
26/04/2019,231.342,36.705,194.637
25/04/2019,219.568,34.107,185.460
24/04/2019,210.235,33.301,176.934
23/04/2019,202.850,34.241,168.608
22/04/2019,181.768,21.720,160.048
18/04/2019,168.211,13.593,154.618
17/04/2019,161.158,0.9938,151.220
16/04/2019,149.842,0.1107,148.736
15/04/2019,142.597,-0.5862,148.459
12/04/2019,137.415,-12.509,149.924
11/04/2019,132.091,-20.960,153.051
10/04/2019,136.865,-21.426,158.291
09/04/2019,143.473,-20.175,163.648
08/04/2019,154.819,-13.873,168.692
05/04/2019,160.339,-11.821,172.160
04/04/2019,161.682,-13.433,175.115
03/04/2019,153.051,-25.422,178.474
02/04/2019,149.055,-35.774,184.829
01/04/2019,147.314,-46.458,193.773
29/03/2019,149.121,-56.267,205.387
28/03/2019,170.761,-48.693,219.454
27/03/2019,200.805,-30.822,231.627
26/03/2019,231.620,-0.7713,239.333
25/03/2019,255.771,14.510,241.261
22/03/2019,274.343,36.709,237.634
21/03/2019,281.331,52.874,228.456
20/03/2019,259.644,44.406,215.238
19/03/2019,235.894,31.758,204.136
18/03/2019,227.727,31.530,196.197
15/03/2019,228.845,40.531,188.314
14/03/2019,226.740,48.558,178.182
13/03/2019,219.645,53.603,166.042
12/03/2019,199.484,46.843,152.641
11/03/2019,170.972,30.041,140.931
08/03/2019,149.849,16.429,133.420
07/03/2019,154.758,25.445,129.313
06/03/2019,157.775,34.823,122.952
05/03/2019,144.505,30.259,114.246
04/03/2019,121.221,14.540,106.681
01/03/2019,104.227,0.1181,103.046
28/02/2019,87.955,-14.797,102.751
27/02/2019,87.359,-19.092,106.450
26/02/2019,89.268,-21.955,111.223
25/02/2019,91.343,-25.369,116.712
22/02/2019,98.497,-24.557,123.054
21/02/2019,105.208,-23.985,129.193
20/02/2019,125.888,-0.9302,135.190
19/02/2019,133.314,-0.4201,137.515
15/02/2019,136.008,-0.2557,138.565
14/02/2019,142.467,0.3263,139.205
13/02/2019,140.474,0.2085,138.389
12/02/2019,137.423,-0.0445,137.868
11/02/2019,130.298,-0.768,137.979
08/02/2019,146.149,0.625,139.899
07/02/2019,164.203,25.867,138.337
06/02/2019,181.142,49.273,131.870
05/02/2019,183.308,63.756,119.552
04/02/2019,152.086,48.473,103.613
01/02/2019,123.453,31.958,91.495
31/01/2019,107.562,24.057,83.505
30/01/2019,79.993,0.2503,77.491
29/01/2019,71.448,-0.5417,76.865
28/01/2019,88.459,10.240,78.219
25/01/2019,99.253,23.594,75.659
24/01/2019,90.296,20.536,69.760
23/01/2019,94.951,30.325,64.627
22/01/2019,97.811,40.766,57.045
18/01/2019,105.181,58.327,46.854
17/01/2019,84.812,52.540,32.272
16/01/2019,66.094,46.956,19.137
15/01/2019,50.332,42.934,0.7398
14/01/2019,33.373,36.708,-0.3336
11/01/2019,44.291,56.804,-12.513
10/01/2019,44.855,71.569,-26.714
09/01/2019,31.544,76.150,-44.606
08/01/2019,0.9686,73.330,-63.643
07/01/2019,-20.002,61.974,-81.976
04/01/2019,-49.571,47.898,-97.469
03/01/2019,-88.953,20.490,-109.444
02/01/2019,-82.282,32.285,-114.566
31/12/2018,-102.901,19.736,-122.637
28/12/2018,-117.296,10.276,-127.572
27/12/2018,-135.459,-0.5319,-130.140
26/12/2018,-163.596,-34.785,-128.811
24/12/2018,-192.629,-72.514,-120.114
21/12/2018,-162.493,-60.507,-101.986
20/12/2018,-125.046,-38.187,-86.859
19/12/2018,-105.845,-28.532,-77.312
18/12/2018,-93.644,-23.465,-70.179
17/12/2018,-82.513,-18.200,-64.313
14/12/2018,-54.704,0.5059,-59.763
13/12/2018,-44.450,16.578,-61.028
12/12/2018,-50.874,14.298,-65.173
11/12/2018,-60.147,0.8601,-68.747
10/12/2018,-58.960,11.937,-70.897
07/12/2018,-44.166,29.716,-73.882
06/12/2018,-21.617,59.694,-81.311
04/12/2018,-25.256,70.978,-96.234
03/12/2018,-11.298,102.680,-113.978
30/11/2018,-49.940,89.709,-139.648
29/11/2018,-86.316,75.760,-162.076
28/11/2018,-125.248,55.768,-181.016
27/11/2018,-171.010,23.948,-194.958
26/11/2018,-184.351,16.594,-200.944
23/11/2018,-202.984,0.2109,-205.093
21/11/2018,-198.625,0.6995,-205.620
20/11/2018,-204.151,0.3218,-207.369
19/11/2018,-196.169,12.004,-208.173
16/11/2018,-177.264,33.910,-211.174
15/11/2018,-192.800,26.852,-219.652
14/11/2018,-213.103,13.262,-226.365
13/11/2018,-214.486,15.195,-229.681
12/11/2018,-205.382,28.097,-233.479
09/11/2018,-193.402,47.102,-240.504
08/11/2018,-203.318,48.961,-252.279
07/11/2018,-229.563,34.956,-264.519
06/11/2018,-270.911,0.2347,-273.258
05/11/2018,-281.483,-0.7638,-273.845
02/11/2018,-274.877,-0.2942,-271.935
01/11/2018,-280.468,-0.9268,-271.200
31/10/2018,-295.958,-27.075,-268.883
30/10/2018,-318.316,-56.201,-262.114
29/10/2018,-300.925,-52.861,-248.064
26/10/2018,-257.928,-23.080,-234.849
25/10/2018,-251.621,-22.543,-229.079
24/10/2018,-264.449,-41.006,-223.443
23/10/2018,-231.301,-18.109,-213.191
22/10/2018,-239.570,-30.906,-208.664
19/10/2018,-244.063,-43.126,-200.938
18/10/2018,-241.463,-51.307,-190.156
17/10/2018,-225.988,-48.659,-177.330
16/10/2018,-231.173,-66.009,-165.165
15/10/2018,-240.121,-91.458,-148.663
12/10/2018,-218.490,-92.692,-125.798
11/10/2018,-205.858,-103.232,-102.625
10/10/2018,-155.420,-78.603,-76.817
09/10/2018,-90.718,-33.552,-57.166
08/10/2018,-65.462,-16.684,-48.779
05/10/2018,-42.609,0.1998,-44.608
04/10/2018,-21.353,23.754,-45.107
03/10/2018,-0.4949,46.097,-51.046
02/10/2018,-19.331,43.239,-62.570
01/10/2018,-34.515,38.865,-73.380
28/09/2018,-48.505,34.591,-83.096
27/09/2018,-63.784,27.960,-91.744
26/09/2018,-83.548,15.185,-98.734
25/09/2018,-93.152,0.9378,-102.530
24/09/2018,-108.291,-0.3417,-104.874
21/09/2018,-114.554,-10.534,-104.020
20/09/2018,-113.469,-12.082,-101.387
19/09/2018,-131.591,-33.225,-98.366
18/09/2018,-136.741,-46.681,-90.060
17/09/2018,-131.275,-52.885,-78.390
14/09/2018,-117.125,-51.957,-65.168
13/09/2018,-114.141,-61.962,-52.179
12/09/2018,-111.523,-74.835,-36.689
11/09/2018,-93.822,-75.842,-17.980
10/09/2018,-84.669,-85.649,0.098
07/09/2018,-58.803,-81.195,22.393
06/09/2018,-25.126,-67.818,42.692
05/09/2018,11.492,-48.154,59.646
04/09/2018,42.750,-28.934,71.684
31/08/2018,71.314,-0.7604,78.918
30/08/2018,85.158,0.4339,80.819
29/08/2018,80.280,0.0546,79.734
28/08/2018,62.521,-17.077,79.598
27/08/2018,57.424,-26.443,83.867
24/08/2018,39.219,-51.259,90.478
23/08/2018,36.968,-66.325,103.293
22/08/2018,49.105,-70.769,119.874
21/08/2018,61.896,-75.671,137.566
20/08/2018,83.135,-73.349,156.484
17/08/2018,102.773,-72.048,174.821
16/08/2018,133.278,-59.556,192.833
15/08/2018,164.643,-43.079,207.722
14/08/2018,194.249,-24.243,218.492
13/08/2018,200.987,-23.566,224.553
10/08/2018,213.883,-16.562,230.444
09/08/2018,224.584,-10.001,234.585
08/08/2018,223.277,-13.808,237.085
07/08/2018,221.915,-18.622,240.537
06/08/2018,220.400,-24.792,245.193
03/08/2018,233.028,-18.362,251.391
02/08/2018,246.836,-0.9145,255.981
01/08/2018,258.385,0.0117,258.268
31/07/2018,275.619,17.381,258.238
30/07/2018,296.407,42.514,253.893
27/07/2018,316.103,72.838,243.265
26/07/2018,317.544,92.489,225.055
25/07/2018,284.391,82.458,201.933
24/07/2018,242.655,61.336,181.318
23/07/2018,201.758,35.773,165.984
20/07/2018,189.978,32.937,157.041
19/07/2018,193.144,44.337,148.807
18/07/2018,192.288,54.565,137.722
17/07/2018,179.316,55.235,124.081
16/07/2018,157.179,46.906,110.272
13/07/2018,141.848,43.303,98.546
12/07/2018,115.168,27.448,87.720
11/07/2018,84.876,0.4017,80.858
10/07/2018,75.095,-0.4759,79.854
09/07/2018,62.598,-18.445,81.043
06/07/2018,44.506,-41.149,85.655
05/07/2018,34.898,-61.044,95.942
03/07/2018,38.316,-72.887,111.203
02/07/2018,63.890,-65.534,129.425
29/06/2018,70.587,-75.222,145.809
28/06/2018,90.132,-74.482,164.614
27/06/2018,115.223,-68.012,183.235
26/06/2018,155.999,-44.239,200.237
25/06/2018,191.031,-20.266,211.297
22/06/2018,226.501,10.138,216.364
21/06/2018,237.252,23.422,213.829
20/06/2018,245.303,37.329,207.974
19/06/2018,239.609,40.968,198.641
18/06/2018,230.669,42.270,188.399
15/06/2018,210.405,32.574,177.832
14/06/2018,203.066,33.378,169.689
13/06/2018,190.888,29.544,161.344
12/06/2018,190.212,36.254,153.958
11/06/2018,181.971,37.077,144.894
08/06/2018,178.305,42.679,135.625
07/06/2018,180.318,55.362,124.956
06/06/2018,177.220,66.105,111.115
05/06/2018,157.431,62.842,94.589
04/06/2018,127.053,48.174,78.878
01/06/2018,86.808,19.973,66.835
31/05/2018,54.328,-0.7513,61.841
30/05/2018,47.220,-16.500,63.720
29/05/2018,54.962,-12.883,67.845
25/05/2018,71.661,0.0595,71.065
24/05/2018,76.313,0.5397,70.916
23/05/2018,77.496,0.7929,69.567
22/05/2018,77.420,0.9835,67.585
21/05/2018,86.339,21.213,65.126
18/05/2018,86.437,26.614,59.823
17/05/2018,98.766,45.597,53.169
16/05/2018,100.613,58.843,41.770
15/05/2018,98.269,71.210,27.059
14/05/2018,96.434,87.177,0.9257
11/05/2018,71.338,83.876,-12.537
10/05/2018,40.244,73.751,-33.506
09/05/2018,0.0674,52.618,-51.944
08/05/2018,-34.762,30.337,-65.098
07/05/2018,-50.111,22.572,-72.683
04/05/2018,-69.869,0.8456,-78.325
03/05/2018,-87.372,-0.6933,-80.439
02/05/2018,-83.506,-0.48,-78.706
01/05/2018,-78.029,-0.0523,-77.506
30/04/2018,-83.069,-0.5693,-77.375
27/04/2018,-67.949,0.8003,-75.952
26/04/2018,-60.614,17.339,-77.953
25/04/2018,-60.542,21.745,-82.287
24/04/2018,-40.367,47.357,-87.724
23/04/2018,-12.806,86.757,-99.563
20/04/2018,-25.776,95.476,-121.252
19/04/2018,-47.565,97.556,-145.121
18/04/2018,-89.693,79.817,-169.510
17/04/2018,-126.254,63.211,-189.465
16/04/2018,-173.201,32.066,-205.267
13/04/2018,-193.765,19.519,-213.284
12/04/2018,-208.325,0.9838,-218.163
11/04/2018,-227.179,-0.6556,-220.623
10/04/2018,-235.170,-16.186,-218.984
09/04/2018,-253.831,-38.893,-214.938
06/04/2018,-257.473,-52.259,-205.214
05/04/2018,-249.814,-57.664,-192.150
04/04/2018,-257.551,-79.818,-177.733
03/04/2018,-260.963,-103.184,-157.779
02/04/2018,-249.578,-117.594,-131.983
29/03/2018,-224.350,-121.765,-102.585
28/03/2018,-214.667,-142.524,-72.143
27/03/2018,-171.461,-134.949,-36.512
26/03/2018,-114.370,-111.595,-0.2775
23/03/2018,-88.823,-113.947,25.124
22/03/2018,-22.707,-76.318,53.610
21/03/2018,34.000,-38.690,72.690
20/03/2018,63.324,-19.038,82.363
19/03/2018,92.878,0.5756,87.122
16/03/2018,127.099,41.416,85.683
15/03/2018,132.367,57.038,75.329
14/03/2018,123.063,61.993,61.070
13/03/2018,109.490,63.918,45.571
12/03/2018,102.098,72.507,29.592
09/03/2018,64.370,52.905,11.465
08/03/2018,19.821,21.582,-0.1761
07/03/2018,-0.267,0.4487,-0.7157
06/03/2018,-14.681,-0.6402,-0.8278
05/03/2018,-14.951,-0.8274,-0.6678
02/03/2018,-10.875,-0.6265,-0.461
01/03/2018,0.6715,0.9758,-0.3043
28/02/2018,38.640,44.122,-0.5483
27/02/2018,42.974,59.488,-16.513
26/02/2018,34.076,65.461,-31.385
23/02/2018,-0.3701,44.050,-47.751
22/02/2018,-34.595,24.168,-58.763
21/02/2018,-52.998,11.807,-64.805
20/02/2018,-80.512,-12.755,-67.757
16/02/2018,-105.416,-40.848,-64.568
15/02/2018,-127.871,-73.515,-54.356
14/02/2018,-149.295,-113.318,-35.977
13/02/2018,-154.289,-146.641,-0.7647
12/02/2018,-140.498,-169.511,29.013
09/02/2018,-120.690,-192.080,71.391
08/02/2018,-79.234,-198.645,119.411
07/02/2018,11.751,-157.321,169.072
06/02/2018,79.793,-128.609,208.402
05/02/2018,132.878,-107.677,240.555
02/02/2018,223.951,-43.523,267.474
01/02/2018,279.816,0.1461,278.355
31/01/2018,290.235,12.246,277.989
30/01/2018,297.032,22.104,274.928
29/01/2018,307.750,38.348,269.402
26/01/2018,304.847,45.032,259.815
25/01/2018,296.444,47.887,248.557
24/01/2018,286.976,50.391,236.585
23/01/2018,276.958,52.971,223.988
22/01/2018,254.309,43.565,210.745
19/01/2018,236.120,36.266,199.854
18/01/2018,228.101,37.314,190.787
17/01/2018,222.410,40.951,181.459
16/01/2018,209.680,38.459,171.221
12/01/2018,200.788,39.182,161.606
11/01/2018,186.009,34.198,151.811
10/01/2018,181.485,38.224,143.261
09/01/2018,176.033,42.328,133.705
08/01/2018,162.798,39.675,123.123
05/01/2018,142.845,29.641,113.205
04/01/2018,120.096,14.301,105.794
03/01/2018,105.430,0.3211,102.219
02/01/2018,89.169,-12.248,101.416
29/12/2017,84.915,-19.564,104.478
28/12/2017,97.188,-12.182,109.369
27/12/2017,109.667,-0.2747,112.415
26/12/2017,122.749,0.9647,113.102
22/12/2017,130.155,19.465,110.690
21/12/2017,134.275,28.451,105.823
20/12/2017,134.005,35.295,98.711
19/12/2017,130.368,40.481,89.887
18/12/2017,117.996,38.229,79.767
15/12/2017,93.910,23.701,70.209
14/12/2017,74.988,10.704,64.284
13/12/2017,65.059,0.3451,61.608
12/12/2017,60.135,-0.0611,60.745
11/12/2017,53.108,-0.7791,60.898
08/12/2017,42.734,-20.111,62.846
07/12/2017,32.996,-34.877,67.874
06/12/2017,26.319,-50.274,76.593
05/12/2017,30.191,-58.971,89.162
04/12/2017,48.164,-55.740,103.904
01/12/2017,76.992,-40.847,117.839
30/11/2017,100.968,-27.083,128.051
29/11/2017,118.657,-16.165,134.822
28/11/2017,139.255,0.0392,138.863
27/11/2017,137.301,-0.1464,138.765
24/11/2017,125.886,-13.245,139.131
22/11/2017,123.332,-19.110,142.442
21/11/2017,123.014,-24.206,147.220
20/11/2017,122.316,-30.956,153.271
17/11/2017,136.047,-24.963,161.010
16/11/2017,150.873,-16.378,167.251
15/11/2017,153.947,-17.399,171.346
14/11/2017,167.431,-0.8264,175.695
13/11/2017,177.025,-0.0736,177.761
10/11/2017,186.950,0.9005,177.945
09/11/2017,194.536,18.842,175.694
08/11/2017,198.142,27.158,170.983
07/11/2017,191.115,26.921,164.194
06/11/2017,186.005,28.541,157.464
03/11/2017,184.342,34.014,150.328
02/11/2017,172.839,31.014,141.825
01/11/2017,162.668,28.597,134.071
31/10/2017,147.402,20.480,126.922
30/10/2017,134.794,12.992,121.802
27/10/2017,116.263,-0.2291,118.554
26/10/2017,88.719,-30.408,119.127
25/10/2017,99.832,-26.897,126.729
24/10/2017,111.781,-21.672,133.453
23/10/2017,128.246,-10.625,138.871
20/10/2017,149.525,0.7997,141.527
19/10/2017,154.400,14.872,139.528
18/10/2017,162.194,26.385,135.810
17/10/2017,161.272,32.058,129.214
16/10/2017,158.391,37.191,121.199
13/10/2017,152.592,40.691,111.901
12/10/2017,145.334,43.605,101.729
11/10/2017,135.839,45.012,90.827
10/10/2017,120.299,40.725,79.574
09/10/2017,115.667,46.274,69.393
06/10/2017,103.593,45.769,57.824
05/10/2017,84.751,38.368,46.382
04/10/2017,68.560,31.770,36.790
03/10/2017,65.511,36.663,28.848
02/10/2017,54.444,34.762,19.682
29/09/2017,44.130,33.139,10.991
28/09/2017,24.377,21.670,0.2707
27/09/2017,0.8595,11.306,-0.2711
26/09/2017,-0.6572,-0.1035,-0.5537
25/09/2017,-0.5849,-0.057,-0.5278
22/09/2017,-0.0879,0.4257,-0.5136
21/09/2017,-0.2221,0.3979,-0.62
20/09/2017,-0.7893,-0.0698,-0.7195
19/09/2017,-14.132,-0.7112,-0.702
18/09/2017,-11.942,-0.6699,-0.5242
15/09/2017,-0.2039,0.1529,-0.3568
14/09/2017,0.5245,0.9195,-0.395
13/09/2017,0.9557,15.806,-0.6249
12/09/2017,0.4761,14.961,-10.200
11/09/2017,0.1645,15.585,-13.940
08/09/2017,0.0688,18.524,-17.836
07/09/2017,0.2083,24.551,-22.468
06/09/2017,-0.5788,22.818,-28.605
05/09/2017,-0.7462,26.848,-34.310
01/09/2017,-10.141,30.880,-41.022
31/08/2017,-22.466,26.276,-48.742
30/08/2017,-39.896,15.415,-55.311
29/08/2017,-51.625,0.754,-59.165
28/08/2017,-57.414,0.3636,-61.050
25/08/2017,-56.352,0.5607,-61.958
24/08/2017,-56.294,0.7066,-63.360
23/08/2017,-60.890,0.4236,-65.127
22/08/2017,-71.695,-0.5509,-66.186
21/08/2017,-82.090,-17.282,-64.808
18/08/2017,-75.807,-15.319,-60.488
17/08/2017,-70.767,-14.108,-56.658
16/08/2017,-63.621,-10.489,-53.131
15/08/2017,-69.845,-19.336,-50.509
14/08/2017,-71.947,-26.271,-45.675
11/08/2017,-74.041,-34.934,-39.107
10/08/2017,-67.207,-36.833,-30.374
09/08/2017,-50.227,-29.061,-21.166
08/08/2017,-43.768,-29.867,-13.900
07/08/2017,-38.848,-32.414,-0.6433
04/08/2017,-34.620,-36.290,0.167
03/08/2017,-27.295,-38.037,10.743
02/08/2017,-13.159,-33.412,20.252
01/08/2017,-0.1789,-30.394,28.605
31/07/2017,12.302,-23.902,36.203
28/07/2017,30.444,-11.735,42.179
27/07/2017,41.927,-0.3186,45.113
26/07/2017,63.548,17.639,45.909
25/07/2017,76.261,34.762,41.499
24/07/2017,88.426,55.618,32.809
21/07/2017,72.488,53.583,18.904
20/07/2017,58.645,53.136,0.5508
19/07/2017,44.980,52.756,-0.7776
18/07/2017,24.095,45.059,-20.965
17/07/2017,0.2677,34.906,-32.230
14/07/2017,-12.501,28.455,-40.956
13/07/2017,-34.309,13.761,-48.070
12/07/2017,-52.654,-0.1143,-51.510
11/07/2017,-71.912,-20.688,-51.224
10/07/2017,-81.457,-35.404,-46.052
07/07/2017,-91.141,-53.940,-37.201
06/07/2017,-91.781,-68.064,-23.716
05/07/2017,-79.146,-72.445,-0.67
03/07/2017,-66.979,-78.390,11.411
30/06/2017,-37.228,-68.237,31.008
29/06/2017,-0.8927,-56.995,48.068
28/06/2017,18.101,-44.215,62.316
27/06/2017,29.222,-44.148,73.370
26/06/2017,56.391,-28.015,84.407
23/06/2017,64.855,-26.555,91.411
22/06/2017,61.153,-36.896,98.050
21/06/2017,64.193,-43.081,107.274
20/06/2017,64.736,-53.308,118.044
19/06/2017,73.467,-57.904,131.371
16/06/2017,76.681,-69.166,145.847
15/06/2017,97.577,-65.561,163.139
14/06/2017,120.253,-59.276,179.529
13/06/2017,138.843,-55.505,194.348
12/06/2017,157.863,-50.361,208.224
09/06/2017,190.534,-30.280,220.814
08/06/2017,222.407,-0.5978,228.385
07/06/2017,225.663,-0.4216,229.879
06/06/2017,229.051,-0.1882,230.933
05/06/2017,234.493,0.3089,231.404
02/06/2017,230.789,0.0158,230.631
01/06/2017,230.932,0.034,230.592
31/05/2017,236.562,0.6055,230.507
30/05/2017,242.435,13.442,228.993
26/05/2017,235.185,0.9553,225.633
25/05/2017,227.001,0.3756,223.244
24/05/2017,215.217,-0.7088,222.305
23/05/2017,211.892,-12.185,224.078
22/05/2017,210.818,-16.306,227.124
19/05/2017,213.467,-17.734,231.200
18/05/2017,221.735,-13.898,235.634
17/05/2017,232.902,-0.6206,239.108
16/05/2017,254.581,13.921,240.660
15/05/2017,254.743,17.563,237.179
12/05/2017,257.271,24.483,232.788
11/05/2017,261.705,35.037,226.668
10/05/2017,265.207,47.299,217.908
09/05/2017,267.672,61.589,206.084
08/05/2017,263.474,72.788,190.686
05/05/2017,252.114,79.625,172.490
04/05/2017,241.248,88.665,152.583
03/05/2017,219.258,88.841,130.417
02/05/2017,192.705,84.498,108.207
01/05/2017,166.803,79.721,87.083
28/04/2017,135.258,68.105,67.152
27/04/2017,99.757,49.631,50.126
26/04/2017,85.281,47.562,37.718
25/04/2017,68.129,42.301,25.828
24/04/2017,44.665,29.413,15.253
21/04/2017,23.782,15.882,0.79
20/04/2017,16.706,12.777,0.3929
19/04/2017,0.9,0.8265,0.0735
18/04/2017,0.2536,0.3867,-0.1331
17/04/2017,-0.4336,-0.2038,-0.2298
13/04/2017,-13.401,-11.612,-0.1789
12/04/2017,-10.918,-12.032,0.1114
11/04/2017,-0.8364,-12.486,0.4122
10/04/2017,-0.3995,-11.238,0.7244
07/04/2017,0.0235,-0.9818,10.053
06/04/2017,0.5691,-0.6817,12.508
05/04/2017,0.9303,-0.4909,14.212
04/04/2017,10.185,-0.5254,15.439
03/04/2017,0.7945,-0.8808,16.753
31/03/2017,0.0917,-18.037,18.955
30/03/2017,0.1088,-22.376,23.464
29/03/2017,-0.0685,-29.743,29.058
28/03/2017,-0.2847,-39.341,36.494
27/03/2017,0.5116,-41.213,46.329
24/03/2017,16.641,-39.992,56.632
23/03/2017,36.281,-30.349,66.630
22/03/2017,57.614,-16.604,74.218
21/03/2017,71.776,-0.6592,78.368
20/03/2017,87.923,0.7906,80.017
17/03/2017,88.986,10.946,78.040
16/03/2017,85.262,0.9959,75.303
15/03/2017,82.669,0.9855,72.814
14/03/2017,79.766,0.9416,70.350
13/03/2017,76.508,0.8512,67.996
10/03/2017,71.319,0.5452,65.868
09/03/2017,65.991,0.1486,64.505
08/03/2017,62.882,-0.1251,64.133
07/03/2017,61.371,-0.3075,64.446
06/03/2017,62.072,-0.3143,65.215
03/03/2017,66.269,0.0268,66.001
02/03/2017,69.338,0.3404,65.934
01/03/2017,70.668,0.5585,65.083
28/02/2017,66.645,0.2958,63.687
27/02/2017,72.789,0.9842,62.947
24/02/2017,73.392,12.905,60.487
23/02/2017,73.746,16.486,57.260
22/02/2017,70.386,17.247,53.139
21/02/2017,65.653,16.826,48.827
17/02/2017,57.742,13.122,44.621
16/02/2017,50.460,0.912,41.340
15/02/2017,44.412,0.5352,39.060
14/02/2017,41.321,0.3599,37.722
13/02/2017,35.278,-0.1544,36.823
10/02/2017,28.284,-0.8924,37.209
09/02/2017,24.617,-14.822,39.440
08/02/2017,23.763,-19.382,43.145
07/02/2017,23.529,-24.462,47.991
06/02/2017,24.324,-29.782,54.106
03/02/2017,30.717,-30.835,61.552
02/02/2017,38.277,-30.984,69.261
01/02/2017,50.383,-26.623,77.006
31/01/2017,67.989,-15.673,83.662
30/01/2017,88.357,0.0776,87.581
27/01/2017,107.437,20.051,87.387
26/01/2017,108.857,26.483,82.374
25/01/2017,100.085,24.331,75.753
24/01/2017,83.849,14.178,69.671
23/01/2017,73.920,0.7794,66.126
20/01/2017,64.816,0.0638,64.178
19/01/2017,66.802,0.2784,64.018
18/01/2017,71.263,0.7941,63.322
17/01/2017,71.953,10.617,61.337
13/01/2017,73.275,14.593,58.683
12/01/2017,70.567,15.532,55.034
11/01/2017,67.631,16.480,51.151
10/01/2017,61.322,14.291,47.031
09/01/2017,55.554,12.096,43.459
06/01/2017,45.491,0.5056,40.435
05/01/2017,32.494,-0.6677,39.171
04/01/2017,27.782,-13.058,40.840
03/01/2017,28.614,-15.490,44.104
30/12/2016,30.034,-17.943,47.977
29/12/2016,45.989,-0.6474,52.463
28/12/2016,54.515,0.0434,54.081
27/12/2016,62.304,0.8331,53.973
23/12/2016,64.721,12.830,51.890
22/12/2016,68.534,19.851,48.683
21/12/2016,71.029,27.309,43.720
20/12/2016,69.821,32.928,36.893
19/12/2016,65.369,36.709,28.661
16/12/2016,60.997,41.514,19.483
15/12/2016,57.992,48.887,0.9105
14/12/2016,46.134,49.251,-0.3117
13/12/2016,31.121,46.551,-15.430
12/12/2016,12.495,39.563,-27.067
09/12/2016,-0.4506,32.452,-36.958
08/12/2016,-26.160,18.911,-45.071
07/12/2016,-40.314,0.9485,-49.799
06/12/2016,-52.469,-0.0299,-52.170
05/12/2016,-54.920,-0.2824,-52.095
02/12/2016,-60.721,-0.9332,-51.389
01/12/2016,-55.004,-0.5947,-49.057
30/11/2016,-44.280,0.329,-47.570
29/11/2016,-40.252,0.814,-48.392
28/11/2016,-47.558,0.2869,-50.427
25/11/2016,-53.544,-0.24,-51.144
23/11/2016,-53.727,-0.3183,-50.544
22/11/2016,-52.476,-0.2727,-49.749
21/11/2016,-57.529,-0.8462,-49.067
18/11/2016,-64.087,-17.136,-46.951
17/11/2016,-62.709,-20.042,-42.667
16/11/2016,-70.922,-33.265,-37.657
15/11/2016,-73.501,-44.160,-29.341
14/11/2016,-69.624,-51.324,-18.300
11/11/2016,-40.846,-35.376,-0.5469
10/11/2016,-21.786,-25.161,0.3375
09/11/2016,-0.5838,-15.503,0.9665
08/11/2016,-0.8561,-22.101,13.541
07/11/2016,-17.206,-36.272,19.066
04/11/2016,-19.855,-47.989,28.134
03/11/2016,-0.2074,-42.205,40.131
02/11/2016,20.539,-30.144,50.682
01/11/2016,42.413,-15.806,58.218
31/10/2016,54.534,-0.7636,62.170
28/10/2016,68.264,0.4185,64.079
27/10/2016,73.770,10.737,63.032
26/10/2016,79.744,19.396,60.348
25/10/2016,82.422,26.923,55.499
24/10/2016,75.885,27.117,48.768
21/10/2016,60.898,18.909,41.989
20/10/2016,54.874,17.612,37.262
19/10/2016,48.830,15.971,32.859
18/10/2016,35.733,0.6867,28.866
17/10/2016,24.910,-0.2239,27.149
14/10/2016,26.313,-0.1397,27.709
13/10/2016,29.176,0.1117,28.058
12/10/2016,32.752,0.4973,27.779
11/10/2016,28.746,0.221,26.536
10/10/2016,26.340,0.0357,25.983
07/10/2016,19.964,-0.593,25.894
06/10/2016,22.593,-0.4784,27.377
05/10/2016,23.807,-0.4765,28.573
04/10/2016,25.408,-0.4356,29.764
03/10/2016,27.123,-0.373,30.853
30/09/2016,32.857,0.1071,31.786
29/09/2016,34.882,0.3364,31.518
28/09/2016,39.280,0.8604,30.677
27/09/2016,37.654,0.9128,28.526
26/09/2016,33.555,0.7311,26.244
23/09/2016,36.794,12.378,24.416
22/09/2016,27.473,0.6151,21.321
21/09/2016,14.860,-0.4923,19.784
20/09/2016,0.9736,-11.279,21.014
19/09/2016,0.7951,-15.883,23.834
16/09/2016,11.371,-16.434,27.805
15/09/2016,12.333,-19.580,31.913
14/09/2016,10.449,-26.359,36.808
13/09/2016,17.331,-26.067,43.398
12/09/2016,28.713,-21.202,49.915
09/09/2016,33.324,-21.891,55.215
08/09/2016,48.255,-12.433,60.688
07/09/2016,50.666,-13.131,63.796
06/09/2016,47.884,-19.195,67.079
02/09/2016,43.912,-27.966,71.878
01/09/2016,46.981,-31.889,78.869
31/08/2016,52.942,-33.899,86.841
30/08/2016,61.543,-33.773,95.316
29/08/2016,69.549,-34.211,103.759
26/08/2016,75.639,-36.673,112.312
25/08/2016,84.970,-36.510,121.480
24/08/2016,95.776,-34.832,130.608
23/08/2016,107.942,-31.374,139.316
22/08/2016,119.414,-27.745,147.159
19/08/2016,132.250,-21.846,154.096
18/08/2016,143.379,-16.178,159.557
17/08/2016,153.381,-10.220,163.601
16/08/2016,161.463,-0.4693,166.156
15/08/2016,172.250,0.492,167.330
12/08/2016,178.115,12.016,166.100
11/08/2016,182.217,19.122,163.096
10/08/2016,183.143,24.828,158.315
09/08/2016,181.834,29.725,152.109
08/08/2016,177.945,33.268,144.677
05/08/2016,172.939,36.579,136.360
04/08/2016,163.566,36.351,127.215
03/08/2016,160.026,41.899,118.128
02/08/2016,151.582,43.929,107.653
01/08/2016,140.747,44.076,96.671
29/07/2016,123.028,37.377,85.652
28/07/2016,102.787,26.480,76.308
27/07/2016,98.753,29.066,69.688
26/07/2016,96.384,33.962,62.421
25/07/2016,95.368,41.437,53.931
22/07/2016,91.309,47.738,43.571
21/07/2016,81.777,50.140,31.637
20/07/2016,72.606,53.504,19.102
19/07/2016,57.237,51.512,0.5726
18/07/2016,41.096,48.248,-0.7152
15/07/2016,23.134,42.348,-19.214
14/07/2016,14.055,43.856,-29.801
13/07/2016,0.1141,41.906,-40.765
12/07/2016,-11.315,39.927,-51.241
11/07/2016,-30.776,30.448,-61.223
08/07/2016,-49.516,19.319,-68.835
07/07/2016,-63.083,10.582,-73.665
06/07/2016,-69.026,0.7285,-76.310
05/07/2016,-78.060,0.0071,-78.131
01/07/2016,-85.116,-0.6967,-78.149
30/06/2016,-97.691,-21.283,-76.407
29/06/2016,-105.080,-33.993,-71.086
28/06/2016,-104.847,-42.259,-62.588
27/06/2016,-98.881,-46.858,-52.023
24/06/2016,-77.834,-37.525,-40.309
23/06/2016,-56.924,-25.997,-30.927
22/06/2016,-56.543,-32.115,-24.428
21/06/2016,-50.743,-34.344,-16.400
20/06/2016,-41.055,-33.241,-0.7814
17/06/2016,-25.822,-26.319,0.0497
16/06/2016,-0.3977,-11.053,0.7076
15/06/2016,0.4984,-0.4856,0.984
14/06/2016,0.7633,-0.342,11.054
13/06/2016,11.566,-0.0343,11.909
10/06/2016,16.325,0.4331,11.994
09/06/2016,21.093,10.182,10.911
08/06/2016,17.535,0.9169,0.8366
07/06/2016,13.045,0.6971,0.6074
06/06/2016,18.965,14.634,0.4331
03/06/2016,26.347,25.675,0.0672
02/06/2016,29.491,35.237,-0.5746
01/06/2016,24.868,39.424,-14.556
31/05/2016,14.788,39.199,-24.411
27/05/2016,0.0108,34.319,-34.211
26/05/2016,-15.515,27.276,-42.791
25/05/2016,-26.535,23.075,-49.610
24/05/2016,-41.384,13.994,-55.379
23/05/2016,-54.462,0.4415,-58.877
20/05/2016,-54.224,0.5757,-59.981
19/05/2016,-58.730,0.269,-61.420
18/05/2016,-54.037,0.8056,-62.093
17/05/2016,-53.685,10.421,-64.107
16/05/2016,-52.049,14.663,-66.712
13/05/2016,-59.649,10.729,-70.378
12/05/2016,-62.719,10.341,-73.060
11/05/2016,-68.250,0.7395,-75.646
10/05/2016,-76.334,0.1161,-77.494
09/05/2016,-93.574,-15.790,-77.784
06/05/2016,-103.751,-29.914,-73.837
05/05/2016,-113.420,-47.061,-66.358
04/05/2016,-114.244,-59.651,-54.593
03/05/2016,-107.800,-68.120,-39.680
02/05/2016,-94.607,-71.956,-22.651
29/04/2016,-82.347,-77.686,-0.4661
28/04/2016,-60.208,-74.968,14.760
27/04/2016,-29.048,-62.549,33.502
26/04/2016,-0.3943,-53.082,49.139
25/04/2016,25.816,-36.594,62.410
22/04/2016,48.140,-23.418,71.558
21/04/2016,80.393,0.298,77.413
20/04/2016,79.286,0.2618,76.668
19/04/2016,83.308,0.7295,76.013
18/04/2016,85.947,11.757,74.190
15/04/2016,75.154,0.3904,71.250
14/04/2016,68.034,-0.224,70.274
13/04/2016,63.862,-0.6972,70.834
12/04/2016,59.115,-13.462,72.577
11/04/2016,60.983,-14.960,75.943
08/04/2016,69.597,-10.086,79.683
07/04/2016,76.475,-0.573,82.204
06/04/2016,82.990,-0.0647,83.637
05/04/2016,84.590,0.0791,83.799
04/04/2016,93.435,0.9835,83.601
01/04/2016,95.740,14.598,81.142
31/03/2016,92.585,15.092,77.493
30/03/2016,92.262,18.542,73.720
29/03/2016,84.826,15.742,69.084
28/03/2016,79.965,14.817,65.149
24/03/2016,84.043,22.598,61.444
23/03/2016,86.223,30.428,55.795
22/03/2016,84.941,36.753,48.188
21/03/2016,79.330,40.330,39.000
18/03/2016,69.650,40.733,28.917
17/03/2016,60.854,42.120,18.734
16/03/2016,48.559,40.355,0.8204
15/03/2016,33.880,35.764,-0.1885
14/03/2016,22.552,33.378,-10.826
11/03/2016,0.5567,24.737,-19.170
10/03/2016,-12.457,12.897,-25.354
09/03/2016,-21.026,0.7552,-28.578
08/03/2016,-23.940,0.6526,-30.466
07/03/2016,-15.836,16.262,-32.098
04/03/2016,-0.6473,29.690,-36.164
03/03/2016,-10.445,33.141,-43.586
02/03/2016,-16.920,34.951,-51.871
01/03/2016,-31.486,29.124,-60.609
29/02/2016,-49.578,18.312,-67.890
26/02/2016,-50.527,21.941,-72.468
25/02/2016,-58.435,19.518,-77.954
24/02/2016,-68.372,14.461,-82.833
23/02/2016,-73.758,12.690,-86.448
22/02/2016,-75.782,13.839,-89.621
19/02/2016,-88.066,0.5015,-93.081
18/02/2016,-96.813,-0.2478,-94.335
17/02/2016,-102.944,-0.9229,-93.715
16/02/2016,-120.523,-29.116,-91.408
12/02/2016,-123.492,-39.363,-84.129
11/02/2016,-116.728,-42.439,-74.288
10/02/2016,-107.119,-43.441,-63.678
09/02/2016,-94.326,-41.508,-52.818
08/02/2016,-70.505,-28.064,-42.441
05/02/2016,-43.790,-0.8365,-35.425
04/02/2016,-0.99,23.434,-33.334
03/02/2016,0.8615,47.808,-39.192
02/02/2016,12.838,63.982,-51.144
01/02/2016,-20.344,46.795,-67.140
29/01/2016,-49.521,29.317,-78.839
28/01/2016,-76.827,0.9341,-86.168
27/01/2016,-98.353,-0.985,-88.503
26/01/2016,-92.864,-0.6824,-86.041
25/01/2016,-97.796,-13.461,-84.335
22/01/2016,-101.273,-20.303,-80.970
21/01/2016,-118.064,-42.170,-75.894
20/01/2016,-118.779,-53.428,-65.351
19/01/2016,-109.677,-57.683,-51.994
15/01/2016,-99.864,-62.290,-37.574
14/01/2016,-78.414,-56.412,-22.001
13/01/2016,-70.533,-62.635,-0.7898
12/01/2016,-45.031,-52.791,0.7761
11/01/2016,-37.799,-58.758,20.958
08/01/2016,-17.797,-53.445,35.648
07/01/2016,0.958,-39.429,49.009
06/01/2016,32.247,-26.620,58.866
05/01/2016,43.166,-22.355,65.521
04/01/2016,57.534,-13.576,71.110
31/12/2015,75.789,0.1285,74.504
30/12/2015,80.637,0.6454,74.183
29/12/2015,73.311,0.0742,72.570
28/12/2015,57.193,-15.191,72.384
24/12/2015,50.135,-26.047,76.182
23/12/2015,54.763,-27.931,82.694
22/12/2015,57.929,-31.747,89.677
21/12/2015,61.443,-36.170,97.613
18/12/2015,67.305,-39.351,106.656
17/12/2015,82.422,-34.072,116.494
16/12/2015,90.214,-34.798,125.012
15/12/2015,90.030,-43.681,133.711
14/12/2015,103.442,-41.190,144.631
11/12/2015,114.607,-40.322,154.929
10/12/2015,136.252,-28.758,165.009
09/12/2015,151.114,-21.085,172.199
08/12/2015,165.697,-11.773,177.470
07/12/2015,170.945,-0.9468,180.413
04/12/2015,174.260,-0.852,182.780
03/12/2015,172.332,-12.578,184.910
02/12/2015,181.894,-0.6161,188.055
01/12/2015,181.434,-0.8161,189.595
30/11/2015,173.463,-18.173,191.635
27/11/2015,185.650,-10.529,196.179
25/11/2015,190.706,-0.8105,198.811
24/11/2015,196.533,-0.4304,200.837
23/11/2015,200.980,-0.0932,201.913
20/11/2015,195.893,-0.6253,202.146
19/11/2015,185.919,-17.790,203.709
18/11/2015,189.005,-19.151,208.157
17/11/2015,188.576,-24.368,212.945
16/11/2015,200.253,-18.784,219.037
13/11/2015,208.517,-15.215,223.733
12/11/2015,228.210,0.0674,227.536
11/11/2015,235.537,0.8169,227.368
10/11/2015,237.217,11.892,225.326
09/11/2015,243.120,20.767,222.353
06/11/2015,250.610,33.450,217.161
05/11/2015,247.494,38.696,208.799
04/11/2015,242.472,43.348,199.125
03/11/2015,235.733,47.445,188.288
02/11/2015,229.760,53.334,176.426
30/10/2015,219.864,56.772,163.093
29/10/2015,214.523,65.623,148.900
28/10/2015,198.363,65.869,132.494
27/10/2015,178.895,62.868,116.027
26/10/2015,155.985,55.676,100.310
23/10/2015,120.107,33.717,86.391
22/10/2015,83.543,0.5581,77.962
21/10/2015,86.781,10.215,76.566
20/10/2015,98.999,24.987,74.013
19/10/2015,105.344,37.578,67.766
16/10/2015,95.803,37.431,58.371
15/10/2015,86.202,37.188,49.014
14/10/2015,73.162,33.446,39.716
13/10/2015,66.227,34.872,31.355
12/10/2015,55.251,32.614,22.637
09/10/2015,46.171,31.688,14.483
08/10/2015,37.025,30.464,0.6561
07/10/2015,29.344,30.399,-0.1054
06/10/2015,15.855,24.509,-0.8654
05/10/2015,-0.4728,10.053,-14.781
02/10/2015,-26.889,-0.9594,-17.295
01/10/2015,-39.958,-25.062,-14.896
30/09/2015,-40.154,-31.523,-0.8631
29/09/2015,-36.898,-36.148,-0.075
28/09/2015,-18.511,-26.798,0.8287
25/09/2015,0.5308,-0.9678,14.986
24/09/2015,18.243,0.0837,17.406
23/09/2015,20.405,0.3208,17.197
22/09/2015,26.370,0.9975,16.395
21/09/2015,33.265,19.364,13.901
18/09/2015,28.599,19.539,0.906
17/09/2015,28.530,24.355,0.4175
16/09/2015,14.130,16.043,-0.1914
15/09/2015,0.2589,0.8514,-0.5924
14/09/2015,-11.323,-0.327,-0.8053
11/09/2015,-16.798,-0.9563,-0.7235
10/09/2015,-26.119,-21.274,-0.4845
09/09/2015,-33.135,-33.609,0.0474
08/09/2015,-32.822,-41.698,0.8876
04/09/2015,-33.920,-53.220,19.301
03/09/2015,-20.614,-53.219,32.606
02/09/2015,-0.8981,-54.892,45.911
01/09/2015,-0.2241,-61.874,59.634
31/08/2015,23.246,-51.856,75.102
28/08/2015,34.607,-53.459,88.066
27/08/2015,36.253,-65.178,101.431
26/08/2015,30.466,-87.260,117.725
25/08/2015,31.789,-107.751,139.540
24/08/2015,80.422,-86.056,166.478
21/08/2015,133.639,-54.354,187.992
20/08/2015,176.333,-25.248,201.581
19/08/2015,193.286,-14.606,207.893
18/08/2015,197.788,-13.756,211.544
17/08/2015,205.514,-0.9469,214.983
14/08/2015,207.559,-0.9791,217.351
13/08/2015,210.969,-0.8829,219.799
12/08/2015,212.935,-0.9071,222.006
11/08/2015,209.180,-15.094,224.274
10/08/2015,200.103,-27.944,228.047
07/08/2015,213.148,-21.885,235.033
06/08/2015,225.100,-15.405,240.504
05/08/2015,229.566,-14.789,244.355
04/08/2015,230.808,-17.245,248.053
03/08/2015,243.829,-0.8535,252.364
31/07/2015,254.908,0.041,254.498
30/07/2015,271.041,16.646,254.395
29/07/2015,280.585,30.351,250.234
28/07/2015,289.356,46.710,242.646
27/07/2015,300.344,69.376,230.968
24/07/2015,310.754,97.130,213.624
23/07/2015,323.288,133.946,189.342
22/07/2015,313.487,157.632,155.855
21/07/2015,278.273,161.826,116.447
20/07/2015,229.076,153.085,75.991
17/07/2015,162.218,124.498,37.720
16/07/2015,64.433,57.838,0.6595
15/07/2015,33.459,41.323,-0.7864
14/07/2015,13.425,31.620,-18.195
13/07/2015,-13.238,12.862,-26.100
10/07/2015,-32.261,-0.2945,-29.315
09/07/2015,-39.354,-10.775,-28.579
08/07/2015,-38.213,-12.328,-25.885
07/07/2015,-32.281,-0.9477,-22.803
06/07/2015,-32.578,-12.144,-20.434
02/07/2015,-30.285,-12.887,-17.398
01/07/2015,-27.468,-13.292,-14.176
30/06/2015,-21.884,-11.030,-10.853
29/06/2015,-13.084,-0.4988,-0.8096
26/06/2015,-0.269,0.4158,-0.6849
25/06/2015,0.026,0.8148,-0.7888
24/06/2015,0.0417,10.343,-0.9925
23/06/2015,-0.2045,10.466,-12.511
22/06/2015,-0.7846,0.7281,-15.127
19/06/2015,-12.805,0.4143,-16.948
18/06/2015,-17.421,0.0563,-17.983
17/06/2015,-23.099,-0.4975,-18.124
16/06/2015,-22.405,-0.5525,-16.880
15/06/2015,-20.064,-0.4565,-15.499
12/06/2015,-15.816,-0.1458,-14.358
11/06/2015,-15.387,-0.1393,-13.993
10/06/2015,-16.937,-0.3292,-13.645
09/06/2015,-20.787,-0.7965,-12.822
08/06/2015,-15.217,-0.4387,-10.831
05/06/2015,-0.8029,0.1705,-0.9734
04/06/2015,-0.5356,0.4804,-10.160
03/06/2015,-0.5298,0.6064,-11.362
02/06/2015,-0.8822,0.4056,-12.877
01/06/2015,-12.041,0.1851,-13.891
29/05/2015,-10.690,0.3664,-14.354
28/05/2015,-0.6896,0.8374,-15.270
27/05/2015,-0.9763,0.7601,-17.364
26/05/2015,-13.290,0.5974,-19.264
22/05/2015,-0.9993,10.765,-20.757
21/05/2015,-13.570,0.9878,-23.449
20/05/2015,-20.383,0.5535,-25.918
19/05/2015,-25.484,0.1818,-27.302
18/05/2015,-29.678,-0.1922,-27.756
15/05/2015,-29.448,-0.2172,-27.276
14/05/2015,-30.304,-0.3572,-26.733
13/05/2015,-35.589,-0.9749,-25.840
12/05/2015,-32.877,-0.9475,-23.402
11/05/2015,-28.347,-0.7314,-21.034
08/05/2015,-28.934,-0.9729,-19.205
07/05/2015,-31.828,-15.055,-16.773
06/05/2015,-27.402,-14.392,-13.010
05/05/2015,-14.756,-0.5344,-0.9412
04/05/2015,-0.51,0.2975,-0.8076
01/05/2015,-0.2864,0.5956,-0.8819
30/04/2015,0.2965,13.273,-10.308
29/04/2015,10.932,24.559,-13.627
28/04/2015,0.8988,28.754,-19.766
27/04/2015,0.1693,28.648,-26.955
24/04/2015,-0.9364,24.752,-34.117
23/04/2015,-33.207,0.7098,-40.305
22/04/2015,-44.768,-0.2689,-42.079
21/04/2015,-51.098,-0.9691,-41.407
20/04/2015,-52.942,-13.958,-38.984
17/04/2015,-55.961,-20.466,-35.495
16/04/2015,-47.465,-17.086,-30.378
15/04/2015,-45.857,-19.750,-26.107
14/04/2015,-41.844,-20.675,-21.169
13/04/2015,-33.935,-17.935,-16.000
10/04/2015,-32.287,-20.770,-11.517
09/04/2015,-30.568,-24.244,-0.6324
08/04/2015,-28.714,-28.451,-0.0263
07/04/2015,-26.775,-33.625,0.685
06/04/2015,-19.237,-34.493,15.256
02/04/2015,-0.9077,-32.956,23.879
01/04/2015,0.5281,-26.838,32.119
31/03/2015,16.372,-22.456,38.828
30/03/2015,24.752,-19.690,44.442
27/03/2015,30.984,-18.381,49.364
26/03/2015,42.244,-11.716,53.960
25/03/2015,49.048,-0.784,56.889
24/03/2015,53.338,-0.551,58.849
23/03/2015,46.426,-13.800,60.226
20/03/2015,48.515,-15.161,63.676
19/03/2015,48.897,-18.569,67.467
18/03/2015,51.087,-21.022,72.109
17/03/2015,51.602,-25.762,77.364
16/03/2015,60.326,-23.479,83.805
13/03/2015,66.846,-22.829,89.675
12/03/2015,81.517,-13.865,95.382
11/03/2015,90.718,-0.813,98.848
10/03/2015,105.551,0.467,100.881
09/03/2015,119.048,19.335,99.713
06/03/2015,120.452,25.573,94.879
05/03/2015,121.679,33.193,88.486
04/03/2015,113.690,33.502,80.188
03/03/2015,103.835,32.023,71.812
02/03/2015,89.472,25.666,63.807
27/02/2015,72.180,14.790,57.390
26/02/2015,62.234,0.8542,53.693
25/02/2015,51.608,0.005,51.557
24/02/2015,49.115,-0.243,51.545
23/02/2015,53.140,0.0988,52.152
20/02/2015,61.761,0.9855,51.905
19/02/2015,64.697,15.256,49.442
18/02/2015,63.513,17.885,45.628
17/02/2015,64.306,23.149,41.156
13/02/2015,61.185,25.816,35.369
12/02/2015,50.029,21.114,28.915
11/02/2015,41.254,17.617,23.637
10/02/2015,36.540,17.307,19.232
09/02/2015,29.003,14.098,14.905
06/02/2015,28.238,16.857,11.381
05/02/2015,23.623,16.456,0.7167
04/02/2015,20.870,17.818,0.3053
03/02/2015,21.962,23.364,-0.1402
02/02/2015,16.437,23.680,-0.7243
30/01/2015,0.9921,23.084,-13.163
29/01/2015,-0.469,14.243,-18.934
28/01/2015,0.1022,23.517,-22.494
27/01/2015,0.8971,37.344,-28.374
26/01/2015,10.199,47.908,-37.710
23/01/2015,-0.5264,44.423,-49.687
22/01/2015,-29.750,31.043,-60.792
21/01/2015,-54.908,13.645,-68.553
20/01/2015,-69.574,0.239,-71.964
16/01/2015,-75.939,-0.3377,-72.562
15/01/2015,-84.159,-12.441,-71.718
14/01/2015,-87.022,-18.415,-68.607
13/01/2015,-88.474,-24.470,-64.004
12/01/2015,-84.265,-26.379,-57.886
09/01/2015,-73.971,-22.680,-51.291
08/01/2015,-63.443,-17.822,-45.621
07/01/2015,-55.710,-14.544,-41.166
06/01/2015,-43.421,-0.5892,-37.530
05/01/2015,-27.981,0.8076,-36.057
02/01/2015,-19.992,18.084,-38.076
31/12/2014,-20.644,21.953,-42.597
30/12/2014,-22.794,25.291,-48.085
29/12/2014,-29.300,25.108,-54.408
26/12/2014,-37.087,23.598,-60.685
24/12/2014,-50.253,16.331,-66.585
23/12/2014,-60.972,0.9696,-70.667
22/12/2014,-75.619,-0.2527,-73.091
19/12/2014,-87.390,-14.930,-72.460
18/12/2014,-92.467,-23.740,-68.727
17/12/2014,-92.258,-29.466,-62.792
16/12/2014,-84.326,-28.901,-55.425
15/12/2014,-63.303,-15.103,-48.200
12/12/2014,-54.293,-0.9869,-44.424
11/12/2014,-46.953,-0.4995,-41.957
10/12/2014,-46.756,-0.6048,-40.708
09/12/2014,-43.504,-0.4307,-39.197
08/12/2014,-46.163,-0.8043,-38.120
05/12/2014,-42.379,-0.6271,-36.109
04/12/2014,-35.182,-0.0641,-34.541
03/12/2014,-37.754,-0.3373,-34.381
02/12/2014,-34.388,-0.085,-33.538
01/12/2014,-32.065,0.126,-33.325
28/11/2014,-28.686,0.4955,-33.640
26/11/2014,-32.131,0.2748,-34.879
25/11/2014,-34.574,0.0992,-35.566
24/11/2014,-37.912,-0.2098,-35.814
21/11/2014,-39.779,-0.449,-35.289
20/11/2014,-39.781,-0.5614,-34.167
19/11/2014,-36.486,-0.3723,-32.763
18/11/2014,-33.949,-0.2117,-31.832
17/11/2014,-28.222,0.3081,-31.303
14/11/2014,-22.008,10.065,-32.074
13/11/2014,-21.790,12.799,-34.590
12/11/2014,-22.194,15.596,-37.790
11/11/2014,-24.350,17.339,-41.689
10/11/2014,-29.783,16.240,-46.023
07/11/2014,-33.433,16.651,-50.084
06/11/2014,-31.008,23.239,-54.246
05/11/2014,-28.510,31.546,-60.056
04/11/2014,-28.857,39.085,-67.942
03/11/2014,-37.220,40.494,-77.714
31/10/2014,-48.483,39.354,-87.837
30/10/2014,-66.083,31.592,-97.675
29/10/2014,-78.657,26.916,-105.574
28/10/2014,-92.564,19.739,-112.303
27/10/2014,-108.530,0.8707,-117.237
24/10/2014,-119.052,0.0362,-119.414
23/10/2014,-129.742,-10.237,-119.505
22/10/2014,-145.776,-28.831,-116.945
21/10/2014,-152.646,-42.908,-109.738
20/10/2014,-152.911,-53.901,-99.011
17/10/2014,-145.223,-59.687,-85.536
16/10/2014,-123.451,-52.837,-70.614
15/10/2014,-107.450,-50.045,-57.405
14/10/2014,-91.083,-46.190,-44.893
13/10/2014,-76.923,-43.577,-33.346
10/10/2014,-52.914,-30.462,-22.452
09/10/2014,-32.985,-18.149,-14.836
08/10/2014,-23.757,-13.458,-10.299
07/10/2014,-23.465,-16.530,-0.6935
06/10/2014,-13.831,-11.029,-0.2802
03/10/2014,-15.191,-15.146,-0.0045
02/10/2014,-14.598,-18.339,0.3741
01/10/2014,-0.8335,-16.661,0.8326
30/09/2014,0.1624,-10.867,12.491
29/09/2014,0.5056,-10.152,15.208
26/09/2014,10.381,-0.7365,17.746
25/09/2014,16.273,-0.3314,19.588
24/09/2014,25.634,0.5218,20.416
23/09/2014,24.045,0.4933,19.111
22/09/2014,28.650,10.772,17.878
19/09/2014,27.759,12.574,15.185
18/09/2014,17.349,0.5307,12.042
17/09/2014,10.743,0.0028,10.715
16/09/2014,0.6738,-0.397,10.708
15/09/2014,0.6435,-0.5265,11.700
12/09/2014,12.929,-0.0087,13.017
11/09/2014,18.465,0.5426,13.038
10/09/2014,19.427,0.7745,11.682
09/09/2014,18.591,0.8845,0.9746
08/09/2014,19.381,11.847,0.7534
05/09/2014,11.240,0.6667,0.4573
04/09/2014,0.4391,0.1485,0.2906
03/09/2014,-0.024,-0.2774,0.2535
02/09/2014,-0.2034,-0.5262,0.3228
29/08/2014,-0.3672,-0.8216,0.4544
28/08/2014,0.0124,-0.6474,0.6598
27/08/2014,0.7411,-0.0805,0.8216
26/08/2014,14.771,0.6354,0.8417
25/08/2014,16.966,10.137,0.6829
22/08/2014,17.138,12.843,0.4295
21/08/2014,14.705,13.621,0.1084
20/08/2014,10.562,12.883,-0.2321
19/08/2014,0.3979,0.9521,-0.5542
18/08/2014,-0.6894,0.1028,-0.7922
15/08/2014,-15.886,-0.7706,-0.8179
14/08/2014,-18.294,-12.041,-0.6253
13/08/2014,-22.293,-19.050,-0.3242
12/08/2014,-27.205,-28.725,0.152
11/08/2014,-20.809,-29.511,0.8701
08/08/2014,-17.588,-33.667,16.079
07/08/2014,-14.126,-38.621,24.496
06/08/2014,-0.3994,-38.144,34.151
05/08/2014,0.5928,-37.759,43.687
04/08/2014,19.834,-33.293,53.127
01/08/2014,29.066,-32.384,61.450
31/07/2014,47.637,-21.909,69.546
30/07/2014,65.016,-10.007,75.023
29/07/2014,70.145,-0.738,77.525
28/07/2014,77.513,-0.1857,79.370
25/07/2014,80.710,0.0876,79.834
24/07/2014,85.226,0.561,79.615
23/07/2014,85.340,0.7128,78.213
22/07/2014,81.568,0.5137,76.431
21/07/2014,76.829,0.1682,75.147
18/07/2014,75.028,0.0302,74.726
17/07/2014,65.927,-0.8724,74.651
16/07/2014,75.090,-0.1742,76.831
15/07/2014,76.600,-0.0667,77.267
14/07/2014,75.255,-0.2179,77.434
11/07/2014,72.352,-0.5627,77.978
10/07/2014,73.387,-0.5998,79.385
09/07/2014,81.869,0.0984,80.884
08/07/2014,86.432,0.5794,80.638
07/07/2014,96.081,16.891,79.190
03/07/2014,95.636,20.669,74.967
02/07/2014,91.151,21.351,69.800
01/07/2014,86.540,22.078,64.462
30/06/2014,79.055,20.112,58.942
27/06/2014,75.875,21.961,53.914
26/06/2014,68.718,20.294,48.424
25/06/2014,59.845,16.495,43.351
24/06/2014,44.952,0.5725,39.227
23/06/2014,39.574,0.1778,37.796
20/06/2014,31.798,-0.5553,37.351
19/06/2014,30.157,-0.8582,38.739
18/06/2014,29.110,-11.774,40.885
17/06/2014,28.909,-14.920,43.828
16/06/2014,38.779,-0.8779,47.558
13/06/2014,49.520,-0.0233,49.753
12/06/2014,54.894,0.5082,49.811
11/06/2014,61.371,12.830,48.541
10/06/2014,61.119,15.786,45.333
09/06/2014,58.168,16.782,41.387
06/06/2014,51.957,14.766,37.191
05/06/2014,49.169,15.669,33.500
04/06/2014,47.369,17.786,29.583
03/06/2014,53.791,28.655,25.136
02/06/2014,60.920,42.947,17.972
30/05/2014,59.979,52.744,0.7235
29/05/2014,51.838,57.788,-0.5951
28/05/2014,40.499,60.897,-20.398
27/05/2014,23.809,59.431,-35.622
23/05/2014,-0.2188,48.292,-50.480
22/05/2014,-21.847,40.706,-62.553
21/05/2014,-38.842,33.887,-72.729
20/05/2014,-53.737,27.464,-81.201
19/05/2014,-62.631,25.436,-88.067
16/05/2014,-72.145,22.281,-94.426
15/05/2014,-74.860,25.136,-99.996
14/05/2014,-76.574,29.706,-106.280
